id,peer,task,date
0,Ginevra Weasley,CPP1_s21_matrix+,2023-09-01
1,Alex Muss,C2_SimpleBashUtils,2023-09-01
2,Harry Potter,C2_SimpleBashUtils,2023-09-03
3,Hermione Granger,C2_SimpleBashUtils,2023-09-04
4,Vincent Crabbe,C2_SimpleBashUtils,2023-09-05
5,Ginevra Weasley,C3_s21_string+,2023-09-15
6,Alex Muss,C3_s21_string+,2023-09-15
7,Ronald Weasley,C2_SimpleBashUtils,2023-09-15
8,Ginevra Weasley,C5_s21_decimal,2023-09-25
9,Ginevra Weasley,C6_s21_matrix,2023-09-26
10,Ginevra Weasley,C7_SmartCalc_v1.0,2023-10-01
11,Ginevra Weasley,C8_3DViewer_v1.0,2023-10-10
12,Hermione Granger,C2_SimpleBashUtils,2023-10-20
